time,package_id,core_0,core_1,ram,fan
23:48:24,68.0,58.0,68.0,78.20645593099204,0
23:48:29,53.0,47.0,52.0,76.8322718428973,0
23:48:34,54.0,48.0,51.0,76.20635669667976,0
23:48:40,53.0,49.0,52.0,75.66099025286803,0
