,time,package_id,core_0,core_1,ram,fan
0,Mon Nov 22 16:27:48 2021,81.0,81.0,64.0,71.39993222507609,0
1,Mon Nov 22 16:27:53 2021,58.0,54.0,55.0,69.90941174110824,0
