time,package_id,core_0,core_1,ram,fan
11:26:23,74.0,61.0,74.0,69.67621110727546,0
11:26:28,62.0,59.0,60.0,72.88570213026509,0
11:26:33,61.0,57.0,58.0,71.72856670815506,0
11:26:38,60.0,56.0,58.0,71.6826444466262,0
11:26:43,60.0,57.0,59.0,72.52233563789189,0
11:26:48,59.0,56.0,57.0,71.49336027439344,0
11:26:53,60.0,57.0,59.0,71.6459066374031,0
11:26:58,64.0,64.0,62.0,72.40747719986108,0
11:27:03,60.0,57.0,58.0,71.84606435661856,0
11:27:08,62.0,58.0,60.0,70.44031531174882,0
